{"cameraMode":{"drawMode":0,"name":"Shaded","section":"Shading Mode"},"sceneLighting":true,"audioPlay":false,"sceneViewState":{"showFog":false,"showMaterialUpdate":false,"showSkybox":false,"showFlares":false,"showImageEffects":false,"showParticleSystems":false},"in2DMode":false,"pivot":{"x":0.043669216334819797,"y":3.761280059814453,"z":-1.3581647872924805},"rotation":{"x":-0.13186624646186829,"y":-0.15045873820781709,"z":0.020253848284482957,"w":-0.9795852303504944},"size":4.105838775634766,"orthographic":false}